<?xml version="1.0" encoding="UTF-8"?>
<project xmlns="http://maven.apache.org/POM/4.0.0" xmlns:xsi="http://www.w3.org/2001/XMLSchema-instance"
	xsi:schemaLocation="http://maven.apache.org/POM/4.0.0 http://maven.apache.org/maven-v4_0_0.xsd">
	<modelVersion>4.0.0</modelVersion>


	<parent>
		<artifactId>spring-boot-starter-parent</artifactId>
		<groupId>org.springframework.boot</groupId>
		<version>1.2.4.RELEASE</version>
		<relativePath />
	</parent>

	<groupId>com.hillrom.vest</groupId>
	<artifactId>hillromcharger</artifactId>
	<version>0.0.1-SNAPSHOT</version>
	<packaging>war</packaging>

	<name>HillRomCharger</name>

	<prerequisites>
		<maven>3.0.0</maven>
	</prerequisites>

	<properties>
		<HikariCP.version>2.3.7</HikariCP.version>
		<assertj-core.version>1.0.0m1</assertj-core.version>
		<awaitility.version>1.4.0</awaitility.version>
		<commons-io.version>2.4</commons-io.version>
		<commons-lang.version>2.6</commons-lang.version>
		<hibernate.version>4.3.6.Final</hibernate.version>
		<java.version>1.8</java.version>
		<javax.inject.version>1</javax.inject.version>
		<joda-time-hibernate.version>1.3</joda-time-hibernate.version>
		<json-path.version>0.9.1</json-path.version>
		<liquibase-hibernate4.version>3.5</liquibase-hibernate4.version>
		<liquibase-slf4j.version>1.2.1</liquibase-slf4j.version>
		<liquibase.version>3.3.2</liquibase.version>
		<mapstruct.version>1.0.0.Beta4</mapstruct.version>
		<maven-enforcer-plugin.version>1.3.1</maven-enforcer-plugin.version>
		<maven-sortpom-plugin.version>2.3.0</maven-sortpom-plugin.version>
		<maven.build.timestamp.format>yyyyMMddHHmmss</maven.build.timestamp.format>
		<maven.compiler.source>${java.version}</maven.compiler.source>
		<maven.compiler.target>${java.version}</maven.compiler.target>
		<metrics-spark-reporter.version>1.2</metrics-spark-reporter.version>
		<metrics-spring.version>3.0.4</metrics-spring.version>
		<run.addResources>false</run.addResources>
		<sonar-maven-plugin.version>2.3</sonar-maven-plugin.version>
		<spring-security.version>4.0.0.RELEASE</spring-security.version>
		<usertype-core.version>3.2.0.GA</usertype-core.version>
		<poi.version>3.13</poi.version>
	</properties>

	<dependencies>
		<dependency>
			<groupId>com.fasterxml.jackson.datatype</groupId>
			<artifactId>jackson-datatype-hibernate4</artifactId>
			<version>${jackson.version}</version>
		</dependency>
		<dependency>
			<groupId>com.fasterxml.jackson.datatype</groupId>
			<artifactId>jackson-datatype-hppc</artifactId>
			<version>${jackson.version}</version>
		</dependency>
		<dependency>
			<groupId>com.fasterxml.jackson.datatype</groupId>
			<artifactId>jackson-datatype-joda</artifactId>
		</dependency>
		<dependency>
			<groupId>com.fasterxml.jackson.datatype</groupId>
			<artifactId>jackson-datatype-json-org</artifactId>
			<version>${jackson.version}</version>
		</dependency>
		<dependency>
			<groupId>com.h2database</groupId>
			<artifactId>h2</artifactId>
			<scope>test</scope>
		</dependency>
		<dependency>
			<groupId>com.jayway.awaitility</groupId>
			<artifactId>awaitility</artifactId>
			<version>${awaitility.version}</version>
			<scope>test</scope>
		</dependency>
		<dependency>
			<groupId>com.jayway.jsonpath</groupId>
			<artifactId>json-path</artifactId>
			<scope>test</scope>
		</dependency>
		<dependency>
			<groupId>com.mattbertolini</groupId>
			<artifactId>liquibase-slf4j</artifactId>
			<version>${liquibase-slf4j.version}</version>
		</dependency>
		<dependency>
			<groupId>com.mysema.querydsl</groupId>
			<artifactId>querydsl-apt</artifactId>
			<version>3.6.0</version>
		</dependency>
		<!-- Added QueryDsl for providing restful search capability -->
		<dependency>
			<groupId>com.mysema.querydsl</groupId>
			<artifactId>querydsl-core</artifactId>
			<version>3.6.0</version>
		</dependency>
		<dependency>
			<groupId>com.mysema.querydsl</groupId>
			<artifactId>querydsl-jpa</artifactId>
			<version>3.6.0</version>
		</dependency>
		<dependency>
			<groupId>com.zaxxer</groupId>
			<artifactId>HikariCP</artifactId>
			<exclusions>
				<exclusion>
					<artifactId>tools</artifactId>
					<groupId>com.sun</groupId>
				</exclusion>
			</exclusions>
		</dependency>
		<dependency>
			<groupId>commons-httpclient</groupId>
			<artifactId>commons-httpclient</artifactId>
			<version>3.1</version>
		</dependency>

		<!-- The HikariCP Java Agent is disabled by default, as it is experimental 
			<dependency> <groupId>com.zaxxer</groupId> <artifactId>HikariCP-agent</artifactId> 
			<version>${HikariCP.version}</version> </dependency> -->
        <dependency>
            <groupId>commons-io</groupId>
            <artifactId>commons-io</artifactId>
            <version>${commons-io.version}</version>
        </dependency>
        <dependency>
            <groupId>commons-lang</groupId>
            <artifactId>commons-lang</artifactId>
            <version>${commons-lang.version}</version>
        </dependency>
        <dependency>
            <groupId>commons-net</groupId>
            <artifactId>commons-net</artifactId>
            <version>3.3</version>
        </dependency>
        <!-- reporting -->
        <dependency>
            <groupId>io.fastjson</groupId>
            <artifactId>boon</artifactId>
            <version>0.19</version>
        </dependency>
        <dependency>
            <groupId>javax.inject</groupId>
            <artifactId>javax.inject</artifactId>
            <version>${javax.inject.version}</version>
        </dependency>
        <dependency>
            <groupId>joda-time</groupId>
            <artifactId>joda-time</artifactId>
        </dependency>
        <dependency>
            <groupId>joda-time</groupId>
            <artifactId>joda-time-hibernate</artifactId>
            <version>${joda-time-hibernate.version}</version>
        </dependency>
        <dependency>
            <groupId>mysql</groupId>
            <artifactId>mysql-connector-java</artifactId>
        </dependency>
        <dependency>
            <groupId>net.minidev</groupId>
            <artifactId>json-smart</artifactId>
            <version>1.0.9</version>
        </dependency>
        <!-- Super CSV library for csv download -->
        <dependency>
            <groupId>net.sf.supercsv</groupId>
            <artifactId>super-csv</artifactId>
            <version>2.3.1</version>
        </dependency>
        <dependency>
            <groupId>net.sf.supercsv</groupId>
            <artifactId>super-csv-joda</artifactId>
            <version>2.3.1</version>
        </dependency>
        <dependency>
            <groupId>org.apache.activemq</groupId>
            <artifactId>activemq-client</artifactId>
        </dependency>
        <dependency>
            <groupId>org.apache.httpcomponents</groupId>
            <artifactId>httpclient</artifactId>
        </dependency>
        <dependency>
            <groupId>org.assertj</groupId>
            <artifactId>assertj-core-java8</artifactId>
            <version>${assertj-core.version}</version>
            <scope>test</scope>
        </dependency>
        <dependency>
            <groupId>org.hibernate</groupId>
            <artifactId>hibernate-envers</artifactId>
        </dependency>
        <dependency>
            <groupId>org.hibernate</groupId>
            <artifactId>hibernate-jpamodelgen</artifactId>
        </dependency>
        <dependency>
            <groupId>org.hibernate</groupId>
            <artifactId>hibernate-validator</artifactId>
        </dependency>
        <dependency>
            <groupId>org.jadira.usertype</groupId>
            <artifactId>usertype.core</artifactId>
            <version>${usertype-core.version}</version>
        </dependency>
        <dependency>
            <groupId>org.liquibase</groupId>
            <artifactId>liquibase-core</artifactId>
            <exclusions>
                <exclusion>
                    <artifactId>jetty-servlet</artifactId>
                    <groupId>org.eclipse.jetty</groupId>
                </exclusion>
            </exclusions>
        </dependency>
        <dependency>
            <groupId>org.mapstruct</groupId>
            <artifactId>mapstruct-jdk8</artifactId>
            <version>${mapstruct.version}</version>
        </dependency>
        <dependency>
            <groupId>org.neo4j</groupId>
            <artifactId>neo4j-cypher-compiler-2.1</artifactId>
            <version>2.1.5</version>
        </dependency>
        <dependency>
            <groupId>org.scala-lang</groupId>
            <artifactId>scala-library</artifactId>
            <version>2.10.4</version>
        </dependency>
        <dependency>
            <groupId>org.springframework</groupId>
            <artifactId>spring-context-support</artifactId>
        </dependency>
        <dependency>
            <groupId>org.springframework</groupId>
            <artifactId>spring-test</artifactId>
        </dependency>
        <dependency>
            <groupId>org.springframework.boot</groupId>
            <artifactId>spring-boot-actuator</artifactId>
        </dependency>
        <dependency>
            <groupId>org.springframework.boot</groupId>
            <artifactId>spring-boot-autoconfigure</artifactId>
        </dependency>
        <dependency>
            <groupId>org.springframework.boot</groupId>
            <artifactId>spring-boot-loader-tools</artifactId>
        </dependency>
        <dependency>
            <groupId>org.springframework.boot</groupId>
            <artifactId>spring-boot-starter-aop</artifactId>
        </dependency>
        <dependency>
            <groupId>org.springframework.boot</groupId>
            <artifactId>spring-boot-starter-data-gemfire</artifactId>
        </dependency>
        <dependency>
            <groupId>org.springframework.boot</groupId>
            <artifactId>spring-boot-starter-data-jpa</artifactId>
        </dependency>
        <dependency>
            <groupId>org.springframework.boot</groupId>
            <artifactId>spring-boot-starter-logging</artifactId>
        </dependency>
        <dependency>
            <groupId>org.springframework.boot</groupId>
            <artifactId>spring-boot-starter-mail</artifactId>
        </dependency>
        <dependency>
            <groupId>org.springframework.boot</groupId>
            <artifactId>spring-boot-starter-security</artifactId>
        </dependency>
        <dependency>
            <groupId>org.springframework.boot</groupId>
            <artifactId>spring-boot-starter-test</artifactId>
            <scope>test</scope>
        </dependency>
        <dependency>
            <groupId>org.springframework.boot</groupId>
            <artifactId>spring-boot-starter-thymeleaf</artifactId>
        </dependency>
        <dependency>
            <groupId>org.springframework.boot</groupId>
            <artifactId>spring-boot-starter-web</artifactId>
            <exclusions>
                <exclusion>
                    <artifactId>spring-boot-starter-tomcat</artifactId>
                    <groupId>org.springframework.boot</groupId>
                </exclusion>
            </exclusions>
        </dependency>
        <!-- Spring Cloud -->
        <dependency>
            <groupId>org.springframework.cloud</groupId>
            <artifactId>spring-cloud-cloudfoundry-connector</artifactId>
        </dependency>
        <dependency>
            <groupId>org.springframework.cloud</groupId>
            <artifactId>spring-cloud-localconfig-connector</artifactId>
        </dependency>
        <dependency>
            <groupId>org.springframework.cloud</groupId>
            <artifactId>spring-cloud-spring-service-connector</artifactId>
        </dependency>
        <!-- security -->
        <dependency>
            <groupId>org.springframework.security</groupId>
            <artifactId>spring-security-data</artifactId>
        </dependency>
        <dependency>
            <groupId>org.testng</groupId>
            <artifactId>testng</artifactId>
            <version>6.8.8</version>
        </dependency>
        <dependency>
            <groupId>xalan</groupId>
            <artifactId>xalan</artifactId>
            <version>2.7.1</version>
        </dependency>
        <dependency>
            <groupId>xalan</groupId>
            <artifactId>xalan</artifactId>
            <version>2.7.1</version>
        </dependency>
        <dependency>
        	<groupId>com.google.inject</groupId>
        	<artifactId>guice</artifactId>
        	<version>2.0</version>
        </dependency>
        <dependency>
			<groupId>org.apache.pdfbox</groupId>
			<artifactId>pdfbox</artifactId>
			<version>2.0.0</version>
		</dependency>
        
      <!--  Spring batch dependencies -->
		<dependency>
			<groupId>org.springframework.batch</groupId>
			<artifactId>spring-batch-core</artifactId>
		</dependency>
		<dependency>
			<groupId>org.owasp.esapi</groupId>
			<artifactId>esapi</artifactId>
			<version>2.0GA</version>
		</dependency>
		<dependency>
			<groupId>org.apache.poi</groupId>
			<artifactId>poi</artifactId>
			<version>${poi.version}</version>
		</dependency>
	</dependencies>
    <build>
        <resources>
            <resource>
                <filtering>true</filtering>
                <directory>src/main/resources</directory>
                <includes>
                    <include>**/*.xml</include>
                </includes>
            </resource>
            <resource>
                <filtering>false</filtering>
                <directory>src/main/resources</directory>
                <excludes>
                    <exclude>**/*.xml</exclude>
                </excludes>
            </resource>
        </resources>
        <finalName>hillromcharger</finalName>
        <pluginManagement>
            <plugins>
                <!-- Added APT Annotation Processing Tool, for Restful Search -->
                <plugin>
                    <groupId>com.mysema.maven</groupId>
                    <artifactId>apt-maven-plugin</artifactId>
                    <version>1.1.3</version>
                    <executions>
                        <execution>
                            <goals>
                                <goal>process</goal>
                            </goals>
                            <configuration>
                                <outputDirectory>target/generated-sources/java</outputDirectory>
                                <processor>com.mysema.query.apt.jpa.JPAAnnotationProcessor</processor>
                            </configuration>
                        </execution>
                    </executions>
                </plugin>
                <!--This plugin's configuration is used to store Eclipse m2e settings 
					only. It has no influence on the Maven build itself. -->
				<plugin>
					<groupId>org.eclipse.m2e</groupId>
					<artifactId>lifecycle-mapping</artifactId>
					<version>1.0.0</version>
					<configuration>
						<lifecycleMappingMetadata>
							<pluginExecutions>
								<pluginExecution>
									<pluginExecutionFilter>
										<groupId>org.apache.maven.plugins</groupId>
										<artifactId>maven-dependency-plugin</artifactId>
										<versionRange>[1.0,)</versionRange>
										<goals>
											<goal>copy</goal>
										</goals>
									</pluginExecutionFilter>
									<action>
										<execute />
									</action>
								</pluginExecution>
								<pluginExecution>
									<pluginExecutionFilter>
										<groupId>org.apache.maven.plugins</groupId>
										<artifactId>maven-enforcer-plugin</artifactId>
										<versionRange>[1.0,)</versionRange>
										<goals>
											<goal>enforce</goal>
										</goals>
									</pluginExecutionFilter>
									<action>
										<execute />
									</action>
								</pluginExecution>
								<pluginExecution>
									<pluginExecutionFilter>
										<groupId>org.codehaus.mojo</groupId>
										<artifactId>exec-maven-plugin</artifactId>
										<versionRange>[1.2.1,)</versionRange>
										<goals>
											<goal>java</goal>
											<goal>exec</goal>
										</goals>
									</pluginExecutionFilter>
									<action>
										<ignore />
									</action>
								</pluginExecution>
							</pluginExecutions>
						</lifecycleMappingMetadata>
					</configuration>
				</plugin>
			</plugins>
		</pluginManagement>
		<plugins>
			<plugin>
				<groupId>com.mysema.maven</groupId>
				<artifactId>apt-maven-plugin</artifactId>
			</plugin>
			<plugin>
				<groupId>org.apache.maven.plugins</groupId>
				<artifactId>maven-eclipse-plugin</artifactId>
				<configuration>
					<downloadSources>true</downloadSources>
					<downloadJavadocs>true</downloadJavadocs>
				</configuration>
			</plugin>
			<plugin>
				<groupId>org.apache.maven.plugins</groupId>
				<artifactId>maven-enforcer-plugin</artifactId>
				<version>${maven-enforcer-plugin.version}</version>
				<executions>
					<execution>
						<id>enforce-versions</id>
						<goals>
							<goal>enforce</goal>
						</goals>
					</execution>
				</executions>
				<configuration>
					<rules>
						<requireMavenVersion>
							<message>You are running an older version of Maven. JHipster
								requires at least Maven 3.0</message>
							<version>[3.0.0,)</version>
						</requireMavenVersion>
						<requireJavaVersion>
							<message>You are running an older version of Java. JHipster
								requires at least JDK ${java.version}</message>
							<version>[${java.version}.0,)</version>
						</requireJavaVersion>
					</rules>
				</configuration>
			</plugin>
			<plugin>
				<groupId>org.apache.maven.plugins</groupId>
				<artifactId>maven-surefire-plugin</artifactId>
				<configuration>
					<argLine>-Xmx256m</argLine>
					<!-- Force alphabetical order to have a reproducible build -->
					<runOrder>alphabetical</runOrder>
				</configuration>
			</plugin>
			<plugin>
				<groupId>org.apache.maven.plugins</groupId>
				<artifactId>maven-war-plugin</artifactId>
				<configuration>
					<packagingExcludes>WEB-INF/lib/tomcat-*.jar</packagingExcludes>
				</configuration>
			</plugin>
			<plugin>
				<groupId>org.bsc.maven</groupId>
				<artifactId>maven-processor-plugin</artifactId>
				<version>2.2.4</version>
				<executions>
					<execution>
						<id>process</id>
						<phase>generate-sources</phase>
						<goals>
							<goal>process</goal>
						</goals>
					</execution>
				</executions>
				<dependencies>
					<dependency>
						<groupId>org.mapstruct</groupId>
						<artifactId>mapstruct-processor</artifactId>
						<version>${mapstruct.version}</version>
					</dependency>
				</dependencies>
				<configuration>
					<defaultOutputDirectory>${project.build.directory}/generated-sources</defaultOutputDirectory>
					<processors>
						<processor>org.mapstruct.ap.MappingProcessor</processor>
					</processors>
					<options>
						<mapstruct.suppressGeneratorTimestamp>true</mapstruct.suppressGeneratorTimestamp>
						<mapstruct.defaultComponentModel>spring</mapstruct.defaultComponentModel>
					</options>
				</configuration>
			</plugin>
			<plugin>
				<groupId>org.codehaus.mojo</groupId>
				<artifactId>sonar-maven-plugin</artifactId>
				<version>${sonar-maven-plugin.version}</version>
			</plugin>
			<plugin>
				<groupId>org.liquibase</groupId>
				<artifactId>liquibase-maven-plugin</artifactId>
				<version>${liquibase.version}</version>
				<dependencies>
					<dependency>
						<groupId>org.javassist</groupId>
						<artifactId>javassist</artifactId>
						<version>3.18.2-GA</version>
					</dependency>
					<dependency>
						<groupId>org.liquibase.ext</groupId>
						<artifactId>liquibase-hibernate4</artifactId>
						<version>${liquibase-hibernate4.version}</version>
					</dependency>
					<dependency>
						<groupId>org.springframework.boot</groupId>
						<artifactId>spring-boot-starter-data-jpa</artifactId>
						<version>${project.parent.version}</version>
					</dependency>
				</dependencies>
				<configuration>
					<changeLogFile>src/main/resources/config/liquibase/master.xml</changeLogFile>
					<diffChangeLogFile>src/main/resources/config/liquibase/changelog/${maven.build.timestamp}_changelog.xml</diffChangeLogFile>
					<driver>com.mysql.jdbc.Driver</driver>
					<url>jdbc:mysql://hillrom.ckyg8erbez54.us-west-2.rds.amazonaws.com:3306/hillromvest-dev</url>
					<defaultSchemaName>HillRomVest</defaultSchemaName>
					<username>root</username>
					<password>hillrom123</password>
					<referenceUrl>hibernate:spring:com.hillrom.vest.domain?dialect=org.hibernate.dialect.MySQLInnoDBDialect</referenceUrl>
					<verbose>true</verbose>
					<logging>debug</logging>
				</configuration>
			</plugin>
			<plugin>
				<groupId>org.springframework.boot</groupId>
				<artifactId>spring-boot-maven-plugin</artifactId>
				<configuration>
					<jvmArguments>-agentlib:jdwp=transport=dt_socket,server=y,suspend=n,address=5005</jvmArguments>
					<arguments>
						<argument>--spring.profiles.active=dev</argument>
					</arguments>
				</configuration>
			</plugin>
		</plugins>
	</build>

	<profiles>
		<!-- dev Profile -->
		<profile>
			<id>dev</id>
			<activation>
				<activeByDefault>true</activeByDefault>
			</activation>
			<properties>
				<!-- log configuration -->
				<logback.loglevel>DEBUG</logback.loglevel>
			</properties>
			<dependencies>
				<dependency>
					<groupId>org.springframework.boot</groupId>
					<artifactId>spring-boot-starter-tomcat</artifactId>
				</dependency>
			</dependencies>
		</profile>
		<!-- qa Profile -->
		<profile>
			<id>qa</id>
			<build>
				<plugins>
					<plugin>
						<groupId>org.springframework.boot</groupId>
						<artifactId>spring-boot-maven-plugin</artifactId>
						<configuration>
							<arguments>
								<argument>--spring.profiles.active=qa</argument>
							</arguments>
						</configuration>
					</plugin>
				</plugins>
			</build>
			<properties>
				<!-- log configuration -->
				<logback.loglevel>DEBUG</logback.loglevel>
			</properties>
			<dependencies>
				<dependency>
					<groupId>org.springframework.boot</groupId>
					<artifactId>spring-boot-starter-tomcat</artifactId>
				</dependency>
			</dependencies>
		</profile>
		<!-- uat Profile -->
		<profile>
			<id>uat</id>
			<build>
				<plugins>
					<plugin>
						<groupId>org.springframework.boot</groupId>
						<artifactId>spring-boot-maven-plugin</artifactId>
						<configuration>
							<arguments>
								<argument>--spring.profiles.active=uat</argument>
							</arguments>
						</configuration>
					</plugin>
				</plugins>
			</build>
			<properties>
				<!-- log configuration -->
				<logback.loglevel>DEBUG</logback.loglevel>
			</properties>
			<dependencies>
				<dependency>
					<groupId>org.springframework.boot</groupId>
					<artifactId>spring-boot-starter-tomcat</artifactId>
				</dependency>
			</dependencies>
		</profile>
		<profile>
			<id>fast</id>
			<build>
				<plugins>
					<plugin>
						<groupId>org.springframework.boot</groupId>
						<artifactId>spring-boot-maven-plugin</artifactId>
						<configuration>
							<arguments>
								<argument>--spring.profiles.active=dev,fast</argument>
							</arguments>
						</configuration>
					</plugin>
				</plugins>
			</build>
			<properties>
				<!-- log configuration -->
				<logback.loglevel>DEBUG</logback.loglevel>
			</properties>
			<dependencies>
				<dependency>
					<groupId>org.springframework.boot</groupId>
					<artifactId>spring-boot-starter-undertow</artifactId>
				</dependency>
			</dependencies>
		</profile>
		<!-- prod Profile -->
		<profile>
			<id>prod</id>
			<build>
				<plugins>
					<plugin>
						<groupId>org.springframework.boot</groupId>
						<artifactId>spring-boot-maven-plugin</artifactId>
						<configuration>
							<arguments>
								<argument>--spring.profiles.active=prod</argument>
							</arguments>
						</configuration>
					</plugin>
				</plugins>
			</build>
			<properties>
				<!-- log configuration -->
				<logback.loglevel>ERROR</logback.loglevel>
			</properties>
			<dependencies>
				<dependency>
					<groupId>org.springframework.boot</groupId>
					<artifactId>spring-boot-starter-tomcat</artifactId>
				</dependency>
			</dependencies>
		</profile>
	</profiles>
</project>
